Site,County
Ellon,Aberdeenshire
Inverurie,Aberdeenshire
Laurencekirk,Aberdeenshire
Sandend,Aberdeenshire
Dyce,City of Aberdeen
Rosskeen,Highland
Tain,Highland
Elgin,Moray
Arbroath,Angus
Lintrathen,Angus
Dundee,City of Dundee
Coaltown of Balgonie,Fife
Kinghorn,Fife
St Andrews,Fife
Aberuthven,Perth and Kinross
Coupar Angus,Perth and Kinross
Invergowrie,Perth and Kinross
Kinross,Perth and Kinross
Perth,Perth and Kinross
Edinburgh,City of Edinburgh
East Saltoun,East Lothian
Longniddry,East Lothian
North Berwick,East Lothian
Stenton,East Lothian
Bowsden,Northumberland
Morpeth,Northumberland
Coldstream,Scottish Borders
Duns,Scottish Borders
St Boswells,Scottish Borders
Annan,Dumfries and Galloway
Lockerbie,Dumfries and Galloway
Ayr,South Ayrshire
Lanark,South Lanarkshire
Ballywalter,Down
Crossnacreevy,Down
Coleraine,Londonderry
Limavady,Londonderry
Strabane,Tyrone
High Legh,Cheshire
Runcorn,Cheshire
Bainton,East Yorkshire
Rudston,East Yorkshire
Sancton,East Yorkshire
Towthorpe,East Yorkshire
Callow,Herefordshire
Ormskirk,Lancashire
Horncastle,Lincolnshire
Market Rasen,Lincolnshire
Ince Blundell,Merseyside
Cawood,North Yorkshire
Wintringham,North Yorkshire
Edgmond,Shropshire
Woodseaves,Staffordshire
Little Staughton,Bedfordshire
Luton,Bedfordshire
Fulbourn,Cambridgeshire
Fakenham,Norfolk
Kings Lynn,Norfolk
Wymondham,Norfolk
Eye,Suffolk
Otley,Suffolk
Rougham,Suffolk
Cirencester,Gloucestershire
Stockbridge,Hampshire
Winchester,Hampshire
Alkerton,Oxfordshire
South Stoke,Oxfordshire
Blandford Forum,Wiltshire
Shrewton,Wiltshire
Warminster,Wiltshire
Abergavenny,Monmouthshire
Usk,Monmouthshire
Adisham,Kent
East Malling,Kent
Stoke Climsland,Cornwall
Trerulefoot,Cornwall
Wadebridge,Cornwall
Exeter,Devon
Kingsbridge,Devon
Plymouth,Devon
Totnes,Devon
